Text;Date;Time;Draft;Facebook;Twitter;LinkedIn;GBP;Instagram;Pinterest;TikTok;YouTube;Threads;Bluesky;Picture Url 1;Picture Url 2;Shortener;Instagram Post Type;Facebook Post Type;First Comment Text
"Legen Sie heute einmal Ihren Briefkopf und Ihr Impressum nebeneinander.

Firmierung, Rechtsform, Anschrift, Registernummer – vier Angaben an zwei Stellen. Mindestens eine weicht erstaunlich oft ab, meist seit einem Umzug oder einer Umfirmierung.

Zwei Minuten Abgleich ersparen die Rückfrage, die sonst der Kunde stellt.";2026-10-06;08:00:00;FALSE;FALSE;FALSE;FALSE;FALSE;FALSE;FALSE;FALSE;FALSE;TRUE;FALSE;;;FALSE;;;
"Gefunden werden und verstanden werden sind zwei verschiedene Dinge.

Ein Treffer in der Suche sagt: Es gibt Sie. Er sagt nicht, was Sie machen, wer zuständig ist und ob die Nummer noch stimmt.

Dieser Unterschied kostet niemanden einen Klick. Er kostet den Anruf, der nicht kommt.";2026-10-06;09:30:00;FALSE;FALSE;FALSE;FALSE;FALSE;FALSE;FALSE;FALSE;FALSE;TRUE;FALSE;;;FALSE;;;
"Ihr Unternehmensprofil ist womöglich schon da – übernehmen darf es trotzdem nicht, wer zuerst klickt.

Geprüft werden geschäftliche E-Mail-Adresse, Impressum und Registernummer, ein Teil der Anträge von Hand. Kostenlos, ohne Kreditkarte.

Die Angaben stammen aus öffentlichen Registerdaten von 2017 bis 2019 und sind womöglich überholt. Geraderücken kann das nur das Unternehmen selbst.

https://mainprofil.com/th/uebernehmen";2026-10-06;11:00:00;FALSE;FALSE;FALSE;FALSE;FALSE;FALSE;FALSE;FALSE;FALSE;TRUE;FALSE;;;FALSE;;;
"Begriff: Niederlassung.

Gemeint ist ein dauerhaft eingerichteter weiterer Betriebsort – Werkstatt, Lager, zweites Büro. Nicht zu verwechseln mit dem Sitz, der eingetragen ist und darüber entscheidet, wohin Post rechtswirksam zugestellt wird.

Im Profil stehen beide getrennt, jede mit eigenem Stand.";2026-10-06;12:30:00;FALSE;FALSE;FALSE;FALSE;FALSE;FALSE;FALSE;FALSE;FALSE;TRUE;FALSE;;;FALSE;;;
"Wenn Ihre Website morgen offline ist – wo stehen Ihre Angaben dann?

Domain ausgelaufen, Relaunch ohne Impressum, Zugangsdaten bei jemandem, der nicht mehr erreichbar ist. Drei Alltagsfälle, ein Ergebnis.

Nicht das Unternehmen ist dann verschwunden, sondern seine Auskunft. Für den, der gerade sucht, ist das dasselbe.";2026-10-06;14:00:00;FALSE;FALSE;FALSE;FALSE;FALSE;FALSE;FALSE;FALSE;FALSE;TRUE;FALSE;;;FALSE;;;
"Mythos: Wer eingetragen ist, wird auch gefunden.

Ein Registereintrag belegt Existenz, Firmierung und Vertretung. Was Sie anbieten, wen man anruft und ob das noch gilt, steht dort nicht.

Das eine ist ein Nachweis, das andere eine Auskunft. Man braucht beides – nur ersetzt keines das andere.";2026-10-06;15:30:00;FALSE;FALSE;FALSE;FALSE;FALSE;FALSE;FALSE;FALSE;FALSE;TRUE;FALSE;;;FALSE;;;
"Steuerkanzleien führen ihre Firmierung oft in drei Fassungen.

Eine auf dem Briefkopf, eine im Register, eine in der E-Mail-Signatur. Partnerschaft, PartG mbB, Steuerberatungsgesellschaft mbH – jede Abweichung erzeugt bei Vollmachten und Bankanfragen eine Rückfrage.

Eine Schreibweise festlegen und überall durchziehen. Mehr Aufwand ist es nicht.";2026-10-06;17:00:00;FALSE;FALSE;FALSE;FALSE;FALSE;FALSE;FALSE;FALSE;FALSE;TRUE;FALSE;;;FALSE;;;
"Neues Konto seit Juli. Im September kommt die erste Zahlung wieder aufs alte.

Nicht aus Nachlässigkeit: Die Rundmail landete in einem Postfach, das keine Rechnungen bezahlt. In den Lieferantenstammdaten stand die alte Verbindung unverändert weiter.

Eine Änderung ist erst fertig, wenn sie irgendwo mit Datum nachlesbar ist.";2026-10-06;18:30:00;FALSE;FALSE;FALSE;FALSE;FALSE;FALSE;FALSE;FALSE;FALSE;TRUE;FALSE;;;FALSE;;;
"Das ganze Team ist draußen – trotzdem muss die Erreichbarkeit stimmen.

So nicht: Bürozeiten angeben, die niemand besetzt. Eine Mobilnummer ohne Namen dahinter. „Jederzeit erreichbar“.

So ja: eine feste Rückrufzeit, Name und Funktion dazu, ein zweiter Weg für den Notfall und ein Datum, seit wann das gilt.

Ziel ist nicht ständige Erreichbarkeit. Ziel ist, dass niemand rät.";2026-10-06;20:00:00;FALSE;FALSE;FALSE;FALSE;FALSE;FALSE;FALSE;FALSE;FALSE;TRUE;FALSE;;;FALSE;;;
"Drei Wege führen in ein Unternehmen: Zentrale, Sammelpostfach, benannter Ansprechpartner.

Alle drei kommen an. Nur einer endet beim ersten Versuch beim Zuständigen – und auch das erst, wenn Funktion, Vertretung und Stand der Angabe dabeistehen.

Ein Ansprechpartner ohne Datum ist eine Behauptung über die Vergangenheit.";2026-10-06;21:30:00;FALSE;FALSE;FALSE;FALSE;FALSE;FALSE;FALSE;FALSE;FALSE;TRUE;FALSE;;;FALSE;;;
